{"stats":{"minecraft:picked_up":{"minecraft:wheat_seeds":1,"minecraft:dirt":2},"minecraft:dropped":{"minecraft:wheat_seeds":1},"minecraft:mined":{"minecraft:short_grass":8,"minecraft:powder_snow":7,"minecraft:dirt":2},"minecraft:used":{"minecraft:dirt":2},"minecraft:custom":{"minecraft:jump":64,"minecraft:time_since_rest":2646,"minecraft:leave_game":1,"minecraft:sprint_one_cm":5753,"minecraft:play_time":2646,"minecraft:damage_taken":120,"minecraft:time_since_death":2646,"minecraft:walk_one_cm":1681,"minecraft:total_world_time":2646,"minecraft:fall_one_cm":3150,"minecraft:drop":1,"minecraft:fly_one_cm":10746}},"DataVersion":3837}