{"stats":{"minecraft:used":{"minecraft:oak_log":1},"minecraft:picked_up":{"minecraft:oak_log":6,"minecraft:oak_sapling":1},"minecraft:mined":{"minecraft:oak_log":6,"minecraft:oak_leaves":2},"minecraft:custom":{"minecraft:jump":24,"minecraft:time_since_rest":5718,"minecraft:leave_game":1,"minecraft:damage_dealt":52,"minecraft:sprint_one_cm":4075,"minecraft:play_time":5718,"minecraft:damage_taken":135,"minecraft:time_since_death":5718,"minecraft:walk_one_cm":5482,"minecraft:total_world_time":5718,"minecraft:fall_one_cm":685,"minecraft:fly_one_cm":5460}},"DataVersion":3837}